[
  {
    "label": "Europe",
    "class": "destinations-menu",
    "items": [
      { "label": "Andora", "url": "/toursv2/?search=true&type=country&t_id=5" },
      { "label": "Austria", "url": "/toursv2/?search=true&type=country&t_id=11" },
      { "label": "Croatia", "url": "/toursv2/?search=true&type=country&t_id=44" },
      { "label": "Cyprus", "url": "/toursv2/?search=true&type=country&t_id=46" },
      { "label": "Czech Republic", "url": "/toursv2/?search=true&type=country&t_id=47" },
      { "label": "England", "url": "/toursv2/?search=true&type=country&t_id=214" },
      { "label": "Finland", "url": "/toursv2/?search=true&type=country&t_id=61" },
      { "label": "France", "url": "/toursv2/?search=true&type=country&t_id=62" },
      { "label": "Germany", "url": "/toursv2/?search=true&type=country&t_id=66" },
      { "label": "Greece", "url": "/toursv2/?search=true&type=country&t_id=68" },
      { "label": "Hungary", "url": "/toursv2/?search=true&type=country&t_id=76" },
      { "label": "Iceland", "url": "/toursv2/?search=true&type=country&t_id=77" },
      { "label": "Ireland", "url": "/toursv2/?search=true&type=country&t_id=82" },
      { "label": "Italy", "url": "/toursv2/?search=true&type=country&t_id=84" },
      { "label": "Netherlands", "url": "/toursv2/?search=true&type=country&t_id=196" },
      { "label": "Northern Ireland", "url": "/toursv2/?search=true&type=country&t_id=288" },
      { "label": "Norway", "url": "/toursv2/?search=true&type=country&t_id=130" },
      { "label": "Poland", "url": "/toursv2/?search=true&type=country&t_id=139" },
      { "label": "Portugal", "url": "/toursv2/?search=true&type=country&t_id=140" },
      { "label": "Scotland", "url": "/toursv2/?search=true&type=country&t_id=216" },
      { "label": "Serbia", "url": "/toursv2/?search=true&type=country&t_id=153" },
      { "label": "Slovakia", "url": "/toursv2/?search=true&type=country&t_id=157" },
      { "label": "Spain", "url": "/toursv2/?search=true&type=country&t_id=162" },
      { "label": "Sweden", "url": "/toursv2/?search=true&type=country&t_id=167" },
      { "label": "Switzerland", "url": "/toursv2/?search=true&type=country&t_id=168" },
      { "label": "Turkey", "url": "/toursv2/?search=true&type=country&t_id=178" },
      { "label": "Ukraine", "url": "/toursv2/?search=true&type=country&t_id=182" },
      { "label": "Wales", "url": "/toursv2/?search=true&type=country&t_id=217" }
    ]
  },
  {
    "label": "Asia",
    "class": "destinations-menu",
    "items": [
      { "label": "Bangladesh", "url": "/toursv2/?search=true&type=country&t_id=15" },
      { "label": "Bhutan", "url": "/toursv2/?search=true&type=country&t_id=21" },
      { "label": "Brunei", "url": "/toursv2/?search=true&type=country&t_id=26" },
      { "label": "Cambodia", "url": "/toursv2/?search=true&type=country&t_id=30" },
      { "label": "China", "url": "/toursv2/?search=true&type=country&t_id=37" },
      { "label": "India", "url": "/toursv2/?search=true&type=country&t_id=78" },
      { "label": "Indonesia", "url": "/toursv2/?search=true&type=country&t_id=79" },
      { "label": "Japan", "url": "/toursv2/?search=true&type=country&t_id=86" },
      { "label": "Jordan", "url": "/toursv2/?search=true&type=country&t_id=87" },
      { "label": "Laos", "url": "/toursv2/?search=true&type=country&t_id=95" },
      { "label": "Lebanon", "url": "/toursv2/?search=true&type=country&t_id=97" },
      { "label": "Malaysia", "url": "/toursv2/?search=true&type=country&t_id=107" },
      { "label": "Myanmar (Burma)", "url": "/toursv2/?search=true&type=country&t_id=121" },
      { "label": "Nepal", "url": "/toursv2/?search=true&type=country&t_id=124" },
      { "label": "Oman", "url": "/toursv2/?search=true&type=country&t_id=131" },
      { "label": "Philippines", "url": "/toursv2/?search=true&type=country&t_id=138" },
      { "label": "Singapore", "url": "/toursv2/?search=true&type=country&t_id=156" },
      { "label": "South Korea", "url": "/toursv2/?search=true&type=country&t_id=92" },
      { "label": "Sri Lanka", "url": "/toursv2/?search=true&type=country&t_id=163" },
      { "label": "Taiwan", "url": "/toursv2/?search=true&type=country&t_id=170" },
      { "label": "Thailand", "url": "/toursv2/?search=true&type=country&t_id=173" },
      { "label": "Vietnam", "url": "/toursv2/?search=true&type=country&t_id=191" }
    ]
  },
  {
    "label": "North America",
    "class": "destinations-menu",
    "items": [
      { "label": "USA", "url": "/toursv2/?search=true&type=country&t_id=185" },
      { "label": "Canada", "url": "/toursv2/?search=true&type=country&t_id=32" }
    ]
  },
  {
    "label": "Latin America",
    "class": "destinations-menu",
    "items": [
      { "label": "Argentina", "url": "/toursv2/?search=true&type=country&t_id=8" },
      { "label": "Barbados", "url": "/toursv2/?search=true&type=country&t_id=16" },
      { "label": "Belize", "url": "/toursv2/?search=true&type=country&t_id=19" },
      { "label": "Bolivia", "url": "/toursv2/?search=true&type=country&t_id=209" },
      { "label": "Brazil", "url": "/toursv2/?search=true&type=country&t_id=25" },
      { "label": "Chile", "url": "/toursv2/?search=true&type=country&t_id=36" },
      { "label": "Colombia", "url": "/toursv2/?search=true&type=country&t_id=38" },
      { "label": "Costa Rica", "url": "/toursv2/?search=true&type=country&t_id=42" },
      { "label": "Dominican Republic", "url": "/toursv2/?search=true&type=country&t_id=51" },
      { "label": "Dominica", "url": "/toursv2/?search=true&type=country&t_id=50" },
      { "label": "Ecuador", "url": "/toursv2/?search=true&type=country&t_id=53" },
      { "label": "El Salvador", "url": "/toursv2/?search=true&type=country&t_id=55" },
      { "label": "Guatemala", "url": "/toursv2/?search=true&type=country&t_id=70" },
      { "label": "Jamaica", "url": "/toursv2/?search=true&type=country&t_id=85" },
      { "label": "Mexico", "url": "/toursv2/?search=true&type=country&t_id=113" },
      { "label": "Nicaragua", "url": "/toursv2/?search=true&type=country&t_id=127" },
      { "label": "Panama", "url": "/toursv2/?search=true&type=country&t_id=134" },
      { "label": "Peru", "url": "/toursv2/?search=true&type=country&t_id=137" },
      { "label": "Puerto Rico", "url": "/toursv2/?search=true&type=country&t_id=235" },
      { "label": "Saint Vincent and the Grenadines", "url": "/toursv2/?search=true&type=country&t_id=147" },
      { "label": "Trinidad and Tobago", "url": "/toursv2/?search=true&type=country&t_id=176" },
      { "label": "Uruguay", "url": "/toursv2/?search=true&type=country&t_id=186" },
      { "label": "Venezuela", "url": "/toursv2/?search=true&type=country&t_id=190" }
    ]
  },
  {
    "label": "Africa",
    "class": "destinations-menu",
    "items": [
      { "label": "Algeria", "url": "/toursv2/?search=true&type=country&t_id=4" },
      { "label": "Angola", "url": "/toursv2/?search=true&type=country&t_id=6" },
      { "label": "Botswana", "url": "/toursv2/?search=true&type=country&t_id=24" },
      { "label": "Burundi", "url": "/toursv2/?search=true&type=country&t_id=29" },
      { "label": "Cameroon", "url": "/toursv2/?search=true&type=country&t_id=31" },
      { "label": "Cape Verde", "url": "/toursv2/?search=true&type=country&t_id=33" },
      { "label": "Chad", "url": "/toursv2/?search=true&type=country&t_id=35" },
      { "label": "Egypt", "url": "/toursv2/?search=true&type=country&t_id=54" },
      { "label": "Eritrea", "url": "/toursv2/?search=true&type=country&t_id=57" },
      { "label": "Ethiopia", "url": "/toursv2/?search=true&type=country&t_id=59" },
      { "label": "Guinea-Bissau", "url": "/toursv2/?search=true&type=country&t_id=72" },
      { "label": "Ivory Coast", "url": "/toursv2/?search=true&type=country&t_id=43" },
      { "label": "Kenya", "url": "/toursv2/?search=true&type=country&t_id=89" },
      { "label": "Malawi", "url": "/toursv2/?search=true&type=country&t_id=106" },
      { "label": "Mauritania", "url": "/toursv2/?search=true&type=country&t_id=111" },
      { "label": "Mauritius", "url": "/toursv2/?search=true&type=country&t_id=112" },
      { "label": "Morocco", "url": "/toursv2/?search=true&type=country&t_id=119" },
      { "label": "Mozambique", "url": "/toursv2/?search=true&type=country&t_id=120" },
      { "label": "Namibia", "url": "/toursv2/?search=true&type=country&t_id=122" },
      { "label": "Niger", "url": "/toursv2/?search=true&type=country&t_id=128" },
      { "label": "Nigeria", "url": "/toursv2/?search=true&type=country&t_id=129" },
      { "label": "Reunion", "url": "/toursv2/?search=true&type=country&t_id=290" },
      { "label": "Rwanda", "url": "/toursv2/?search=true&type=country&t_id=144" },
      { "label": "Senegal", "url": "/toursv2/?search=true&type=country&t_id=152" },
      { "label": "Seychelles", "url": "/toursv2/?search=true&type=country&t_id=154" },
      { "label": "South Africa", "url": "/toursv2/?search=true&type=country&t_id=161" },
      { "label": "Swaziland", "url": "/toursv2/?search=true&type=country&t_id=166" },
      { "label": "Tanzania", "url": "/toursv2/?search=true&type=country&t_id=172" },
      { "label": "Uganda", "url": "/toursv2/?search=true&type=country&t_id=181" },
      { "label": "Zambia", "url": "/toursv2/?search=true&type=country&t_id=193" },
      { "label": "Zimbabwe", "url": "/toursv2/?search=true&type=country&t_id=194" }
    ]
  },
  {
    "label": "Australia & Oceania",
    "class": "destinations-menu",
    "items": [
      { "label": "Australia", "url": "/toursv2/?search=true&type=country&t_id=10" },
      { "label": "Cook Islands", "url": "/toursv2/?search=true&type=country&t_id=294" },
      { "label": "French Polynesia", "url": "/toursv2/?search=true&type=country&t_id=221" },
      { "label": "New Zealand", "url": "/toursv2/?search=true&type=country&t_id=126" },
      { "label": "Papua New Guinea", "url": "/toursv2/?search=true&type=country&t_id=135" }
    ]
  }
]
